{
    "variants": {
        "": [
		{ "model": "block/short_grass" ,    		"weight": 1000},
		{ "model": "block/rock_fact" ,    		"weight": 1},
		{ "model": "block/rock_fact" , "y": 90 ,    	"weight": 1},
		{ "model": "block/rock_fact" , "y": 180 ,   	"weight": 1},
		{ "model": "block/rock_fact" , "y": 270 ,   	"weight": 1},
    { "model": "block/leaf_pile" , "weight": 60},
    { "model": "block/leaf_pile" , "y": 90 ,    	"weight": 60},
		{ "model": "block/leaf_pile" , "y": 180 ,   	"weight": 60},
		{ "model": "block/leaf_pile" , "y": 270 ,   	"weight": 60}
	]
    }
}
